title,link,published
The Incredible Physics of Simone Biles’ Yurchenko Double Pike,https://www.wired.com/story/the-incredible-physics-of-simone-biles-yurchenko-double-pike/,"Wed, 31 Jul 2024 21:37:12 +0000"
"Amazon Has to Recall More Than 400,000 Dangerous Products",https://www.wired.com/story/amazon-third-party-defective-recall-legally-responsible/,"Wed, 31 Jul 2024 21:29:08 +0000"
Election Deniers Are Ramping Up Efforts to Disenfranchise US Voters,https://www.wired.com/story/election-deniers-efforts-disenfranchise-voters/,"Wed, 31 Jul 2024 16:55:32 +0000"
Meet the Swifties Campaigning for Kamala Harris,https://www.wired.com/story/swifties-campaigning-for-kamala-harris/,"Wed, 31 Jul 2024 15:31:10 +0000"
"The Best Cat Furniture, Scratching Posts, and Litter Boxes (2024)",https://www.wired.com/story/fancy-cat-furniture/,"Wed, 31 Jul 2024 15:08:00 +0000"
Moog Muse Review: A Machine for Musical Inspiration,https://www.wired.com/review/moog-muse-review/,"Wed, 31 Jul 2024 14:00:00 +0000"
Google Cracks Down on Explicit Deepfakes,https://www.wired.com/story/google-tries-to-crack-down-on-explicit-deepfakes/,"Wed, 31 Jul 2024 13:00:00 +0000"
'Date Like Goblins' Thinks Playing Games Can Fix Dating Apps,https://www.wired.com/story/dating-apps-suck-date-like-goblins/,"Wed, 31 Jul 2024 13:00:00 +0000"
Donald Trump’s Plan to Hoard Billions in Bitcoin Has Economists Stumped,https://www.wired.com/story/donald-trumps-plan-to-hoard-billions-in-bitcoin-has-economists-stumped/,"Wed, 31 Jul 2024 12:13:03 +0000"
10 Best Apple AirPods Cases We've Tried and Tested (2024),https://www.wired.com/gallery/best-apple-airpods-cases/,"Wed, 31 Jul 2024 12:02:00 +0000"
How to Create Your Own Browser Extension,https://www.wired.com/story/how-to-write-your-own-browser-extension/,"Wed, 31 Jul 2024 11:00:00 +0000"
Can GPT-4o Be Trusted With Your Private Data?,https://www.wired.com/story/can-chatgpt-4o-be-trusted-with-your-private-data/,"Wed, 31 Jul 2024 10:00:00 +0000"
"Nothing Phone (2a) Plus With AI News Widget: Specs, Prices, Availability",https://www.wired.com/story/nothing-news-reporter-widget-nothing-phone-2a-plus/,"Wed, 31 Jul 2024 09:30:00 +0000"
"The Best Sex Machines for Solo, Couple, or Long-Distance Playtime (2024)",https://www.wired.com/gallery/best-sex-machines/,"Wed, 31 Jul 2024 08:00:00 +0000"
The Affordable Connectivity Program Died—and Thousands of Households Have Already Lost Their Internet,https://www.wired.com/story/affordable-care-act-low-income-households-lose-internet/,"Tue, 30 Jul 2024 20:36:51 +0000"
The 51 Best Shows on Disney+ Right Now (August 2024),https://www.wired.com/story/best-shows-disney-plus/,"Tue, 30 Jul 2024 19:00:00 +0000"
Wear This AI Friend Around Your Neck,https://www.wired.com/story/friend-ai-pendant/,"Tue, 30 Jul 2024 14:50:00 +0000"
Zombie Alt-Weeklies Are Stuffed With AI Slop About OnlyFans,https://www.wired.com/story/zombie-alt-weeklies-are-stuffed-with-ai-slop-about-onlyfans/,"Tue, 30 Jul 2024 14:28:59 +0000"
A Senate Bill Would Radically Improve Voting Machine Security,https://www.wired.com/story/a-senate-bill-would-radically-improve-voting-machine-security/,"Tue, 30 Jul 2024 14:20:51 +0000"
The Purple Track at the 2024 Summer Olympic Games Has a Secret Ingredient,https://www.wired.com/story/paris-summer-olympics-2024-purple-track-athletics-mondo/,"Tue, 30 Jul 2024 13:56:32 +0000"
